2miut,T1 600,err,T2 600,err,T3 600,err,T4 600,err,T1 750,err,T2 750,err,T3 750,err,T4 750,err
3ThrCg2_3ThrHg2,36.74732,0.59944,13.41246,0.14823,41.49467,0.50301,52.96637,0.96773,40.25538,2.18038,13.68264,0.3707,50.18307,1.03113,65.44103,2.10578
9ValCg1_9ValHg1,31.51548,0.2263,12.87309,0.07965,38.49018,0.37155,47.09331,0.55026,33.46052,0.22386,13.21361,0.12058,46.03718,0.58074,49.91528,0.69082
9ValCg2_9ValHg2,43.20505,0.19823,15.01394,0.07238,48.67944,0.53151,63.03288,0.69485,47.67778,0.79006,15.77324,0.14515,58.55825,0.61955,71.43096,0.82753
13ValCg1_13ValHg1,24.24902,0.15309,15.04146,0.05504,32.68411,0.31217,38.40537,0.34766,25.63714,0.20283,15.4725,0.18173,34.50077,0.876,42.29312,0.45975
13ValCg2_13ValHg2,46.86444,0.32985,21.89312,0.15656,55.19647,0.33282,70.09089,0.9168,50.82364,0.66395,23.26791,0.15206,63.27643,0.96791,78.50952,0.8663
16AlaCb_16AlaHb,26.00041,0.27456,10.76005,0.08865,31.61094,0.36241,39.25905,0.96358,27.75677,0.75142,11.02925,0.1803,36.6388,0.92629,41.51972,1.44791
19ValCg1_19ValHg1,33.39909,0.26713,12.03557,0.21576,39.09679,0.4622,50.32208,0.51997,37.37977,0.27134,13.11184,0.27325,46.71271,0.76808,55.72048,0.92675
19ValCg2_19ValHg2,59.17345,0.3296,14.47975,0.09488,55.74828,0.50702,80.02137,0.65995,70.91651,1.47155,15.28328,0.07806,75.47587,1.69565,99.99563,1.68069
20IleCd1_20IleHd1,78.83766,0.77754,17.8564,0.08257,68.04069,0.73989,101.36549,1.83141,96.79456,3.08779,19.17428,0.12457,97.76868,2.3026,124.25718,2.82559
20IleCg2_20IleHg2,38.70263,0.25058,12.8909,0.07297,43.65788,0.45763,56.3741,1.04934,43.51259,0.58198,13.64809,0.20635,52.29129,0.78692,62.69422,2.099
21LeuCd1_21LeuHd1,34.8147,0.14625,15.56932,0.06615,42.80489,0.62607,54.77045,0.58327,38.07357,0.27701,16.27385,0.12275,49.10718,1.0024,56.72107,0.899
21LeuCd2_21LeuHd2,41.74884,0.23203,16.18836,0.16797,48.8359,0.94276,63.32019,1.30332,45.60109,0.53074,16.80304,0.17503,56.9956,1.00385,70.8213,0.98145
27AlaCb_27AlaHb,45.04354,0.34782,13.41525,0.08748,46.28635,0.63255,60.85366,0.38802,49.15606,1.39496,14.37759,0.24965,57.39798,1.83871,72.97701,1.67236
29IleCd1_29IleHd1,70.39334,0.44309,23.15126,0.10844,74.75168,0.7551,96.91488,1.25917,77.4319,1.30454,24.77285,0.32142,98.39822,3.57431,112.08915,5.40509
29IleCg2_29IleHg2,44.04473,0.23118,14.17133,0.05427,48.05872,0.62362,63.42466,1.02589,50.73048,0.63483,15.42144,0.14126,57.5615,1.48029,71.54347,2.13852
30IleCd1_30IleHd1,71.38392,0.96108,36.17446,0.30527,76.46867,1.53365,118.79946,8.2131,80.95928,2.62161,40.14221,0.54507,92.13988,3.06495,125.38851,4.93543
30IleCg2_30IleHg2,45.35978,0.1157,18.36674,0.08705,46.49037,0.5524,65.27038,0.84938,52.34892,0.94411,19.51717,0.17107,57.48296,0.91854,74.49206,1.09868
31ValCg2_31ValHg2,46.61265,0.68362,14.50447,0.04433,46.31718,0.36646,66.75014,0.76697,54.52058,0.80346,15.44522,0.14641,63.22551,1.39718,74.7618,1.81821
32LeuCd2_32LeuHd2,55.74428,1.11508,20.383,0.38695,57.18691,0.76363,80.26579,1.19901,62.99269,1.16955,22.28001,0.47097,75.83509,1.88779,95.0544,3.56333
34ValCg1_34ValHg1,29.01467,0.13886,18.21985,0.07361,38.75018,0.3252,46.83258,0.49384,31.199,0.15519,19.06568,0.20696,41.75939,1.23023,48.39082,0.86509
34ValCg2_34ValHg2,27.19017,0.87509,17.08993,0.06523,35.68771,0.62215,42.56813,0.98039,28.16699,0.19934,17.53929,0.08853,38.28723,0.5244,46.14151,0.65464
36ThrCg2_36ThrHg2,34.19878,0.52238,13.56843,0.22894,36.91582,0.78477,49.86173,0.7878,37.3181,1.69192,14.66595,0.29467,47.36727,2.37642,55.44094,1.58026
37IleCd1_37IleHd1,74.92494,0.36731,38.82157,1.60863,88.16401,0.87788,113.75361,1.32901,82.31341,1.62979,38.43378,0.49599,109.06713,3.24352,127.56555,3.43709
37IleCg2_37IleHg2,52.35481,0.26698,17.66425,0.07452,55.48116,0.29935,76.26863,0.79309,60.04337,0.98186,18.38301,0.10217,68.61419,1.03792,90.47597,1.42039
38ValCg1_38ValHg1,32.85352,0.29099,13.91586,0.06175,37.22011,0.47466,48.26386,0.52232,35.43131,0.37056,14.35488,0.12314,45.60944,0.96143,55.38504,1.46614
38ValCg2_38ValHg2,39.59317,0.18364,16.48329,0.08193,43.74027,0.4133,58.18433,0.86965,43.9254,0.59997,17.60517,0.11148,52.27718,1.068,66.14769,0.78459
39ThrCg2_39ThrHg2,46.21766,0.67612,16.55998,0.22815,47.62572,0.48842,63.53509,1.12264,50.53316,3.25661,17.70123,0.60076,60.13829,1.27923,76.53339,3.11564
44IleCd1_44IleHd1,104.96104,0.78517,28.38013,0.14458,108.04016,0.99188,140.51884,2.18261,115.12729,3.78834,29.86174,0.49241,137.30029,1.46401,192.02975,9.0852
44IleCg2_44IleHg2,46.97397,0.12172,18.79365,0.06502,50.24845,0.59724,68.43024,0.73649,52.88323,0.64635,20.12261,0.16821,62.51709,1.76264,78.67288,1.76917
47ValCg1_47ValHg1,49.51842,0.57504,14.58105,0.0593,49.07503,0.31074,68.937,1.24619,57.32844,1.08904,15.5892,0.14782,62.29914,1.47729,83.39643,1.58012
47ValCg2_47ValHg2,34.88936,0.44359,12.83716,0.07561,38.22738,0.58307,50.14515,0.2261,39.80255,0.54324,13.37659,0.08126,44.72843,3.27605,57.90727,1.58923
49IleCd1_49IleHd1,51.51171,0.46017,15.7974,0.08251,50.10802,0.7513,68.26912,1.84986,60.48931,1.00986,16.7608,0.29546,63.7453,1.12461,80.27834,3.83904
49IleCg2_49IleHg2,62.9003,2.0347,16.69937,0.10942,55.95344,0.72722,82.94426,1.15871,72.35099,1.74237,17.51483,0.22835,76.45832,1.50957,94.28355,3.04577
51ValCg1_51ValHg1,36.49004,0.18712,13.02337,0.06234,41.07593,0.36284,52.88853,1.0272,40.48975,0.44036,13.83073,0.09685,48.79845,0.98071,59.43539,1.89267
51ValCg2_51ValHg2,27.96087,0.22532,12.29971,0.06838,33.2791,0.42333,41.09395,0.40335,30.87166,0.41088,12.80666,0.10046,39.85624,1.21631,47.11368,1.22935
54LeuCd1_54LeuHd1,53.66698,0.25993,24.369,0.14665,69.30731,0.63299,86.26733,0.55587,55.85156,0.93889,25.31786,0.23215,78.36206,1.15187,89.50616,1.13534
54LeuCd2_54LeuHd2,67.06223,0.264,27.81225,0.07558,81.91156,0.83455,100.04694,0.99886,69.178,0.99553,28.97983,0.3406,99.93485,1.53061,107.36965,1.228
57ValCg1_57ValHg1,24.16192,0.17605,10.31811,0.08361,30.11122,0.47336,36.02587,0.39575,25.05663,0.40107,10.77936,0.12213,35.05807,1.46921,39.24985,1.08231
58AlaCb_58AlaHb,36.0507,0.15937,12.96919,0.05787,41.10731,0.94886,51.42644,2.15432,39.09731,0.91898,13.36192,0.1483,50.03281,1.17011,59.63058,0.88552
60ValCg1_60ValHg1,37.48075,0.16241,13.08493,0.06414,40.93372,0.54997,53.95681,0.76076,43.02652,0.65091,13.96256,0.11414,49.69217,1.08713,58.18993,0.91453
60ValCg2_60ValHg2,45.50832,1.13135,13.83193,0.08287,47.13649,0.48441,65.69218,0.7391,53.39268,0.86056,14.68581,0.08416,62.35545,0.90044,75.97238,1.11146
63ValCg1_63ValHg1,18.86595,0.26023,10.15628,0.11092,24.91873,1.19304,29.08099,0.53886,19.3125,0.17789,10.58285,0.12669,28.76247,0.99009,28.58283,1.56589
63ValCg2_63ValHg2,22.6914,0.3583,11.3606,0.24872,28.85863,0.86983,34.2696,0.72479,23.78058,0.88044,11.97977,0.20214,34.75676,1.09901,41.30457,1.93974