WT,T1 600,err,T2 600,err,T3 600,err,T4 600,err,T1 750,err,T2 750,err,T3 750,err,T4 750,err
3ThrCg2_3ThrHg2,36.92864,0.4836,13.43422,0.39805,41.35427,0.4209,52.24498,0.81786,41.16677,1.35624,13.39414,0.41287,49.35334,1.97679,65.34391,1.55161
9ValCg1_9ValHg1,31.5473,0.14423,12.78004,0.10453,38.97062,0.42739,47.44325,1.08075,34.11129,0.30215,13.2821,0.216,47.09863,0.66142,51.62499,0.74653
9ValCg2_9ValHg2,43.62822,0.22825,14.78333,0.15168,49.93772,0.42643,61.8448,0.60191,47.68115,0.78968,15.49831,0.17783,58.41755,1.40941,72.56758,1.65452
13ValCg1_13ValHg1,21.89541,0.12977,13.98453,0.08051,29.91771,0.50858,34.72823,0.48532,23.33538,0.36128,14.43867,0.20772,31.64667,0.84072,37.37727,1.08811
13ValCg2_13ValHg2,37.43866,0.17323,20.50805,0.17604,43.65159,0.23319,58.13312,0.45889,42.03216,0.85976,20.85508,0.50624,49.01714,0.69517,64.55904,1.23215
16AlaCb_16AlaHb,26.882,0.31153,10.59049,0.17531,31.56363,0.41348,39.61943,0.68972,27.24677,0.62303,11.18174,0.29651,37.41742,1.30102,44.29237,2.28235
19ValCg1_19ValHg1,33.29878,0.21223,12.15651,0.1292,39.40854,0.36763,47.53475,0.63854,36.179,0.49736,12.91361,0.13555,47.71136,0.89248,54.71804,1.64847
19ValCg2_19ValHg2,60.20749,0.96655,14.22483,0.13241,58.21532,0.35122,79.3954,0.52501,69.67792,1.4166,14.94948,0.22813,75.3056,0.60502,100.88154,2.03466
20IleCd1_20IleHd1,63.07565,0.62837,19.32069,0.19067,60.0399,0.87717,86.15776,1.71701,74.62187,3.19926,21.03486,0.35429,79.0801,2.07221,103.20759,3.39255
20IleCg2_20IleHg2,38.75875,0.19693,12.61014,0.12367,43.10009,0.606,54.43664,0.90837,42.81112,1.0036,13.20677,0.19393,52.11681,1.34421,64.84389,1.51282
21LeuCd1_21LeuHd1,35.3248,0.23013,14.39707,0.1174,43.85108,0.60363,54.56722,0.85986,38.05179,0.43939,15.4257,0.20405,54.11046,1.63503,60.01328,2.02339
21LeuCd2_21LeuHd2,42.17782,0.21901,15.48125,0.11721,49.58438,0.46152,59.42813,1.7658,46.05384,1.18347,16.161,0.25445,61.14993,1.24586,70.75704,1.74226
27AlaCb_27AlaHb,44.63764,0.33862,13.34279,0.20196,46.89409,0.48779,60.6837,0.77756,49.95726,1.60117,13.84357,0.26277,57.28536,2.03927,72.84038,1.60501
29IleCd1_29IleHd1,66.61475,3.90161,23.42589,0.24632,76.19471,0.87802,95.05047,1.83646,75.26305,3.40658,25.66773,0.51573,86.38414,2.28166,109.5684,4.4218
29IleCg2_29IleHg2,48.33529,0.37402,14.59437,0.09905,49.87374,0.42707,64.85563,1.21632,53.52581,1.11195,15.1781,0.24843,64.17381,2.39315,78.32855,1.84212
30IleCd1_30IleHd1,71.23392,0.35331,31.39111,1.95262,73.57842,4.82776,110.9987,6.36414,82.88134,6.48586,39.77955,1.3623,90.53513,2.95586,120.80768,3.97238
30IleCg2_30IleHg2,42.86487,0.27595,18.86799,0.09187,45.62257,0.67865,62.99853,0.76498,48.36058,1.2004,19.94627,0.17889,57.6036,1.51063,72.21725,1.36646
31ValCg2_31ValHg2,51.50289,0.34009,15.00854,0.09088,50.34504,0.56969,72.57983,0.64535,57.70414,1.14318,15.79948,0.18796,65.16194,1.70017,83.47536,1.77188
32LeuCd2_32LeuHd2,54.17182,0.92743,21.22274,0.33782,57.89303,0.65604,82.15795,1.19347,61.51059,1.3367,22.72322,0.33939,69.67818,1.85689,95.92025,3.92978
34ValCg2_34ValHg2,26.62027,0.09322,15.76154,0.11242,34.93602,0.71382,42.68687,0.65853,28.1369,0.47931,16.02492,0.25356,38.42255,1.23446,44.97786,1.1598
34ValCg1_34ValHg1,30.41191,0.11997,17.8472,0.11902,38.42777,0.43064,47.73884,0.76883,33.18776,0.37852,18.66878,0.14051,42.13964,0.91026,53.19179,1.25005
36ThrCg2_36ThrHg2,33.42752,0.81789,13.46903,0.67355,36.84445,0.65982,48.6193,1.08375,33.62693,3.21056,11.73528,2.15013,50.64489,1.85807,51.86557,2.27737
37IleCd1_37IleHd1,75.50574,0.40482,36.78769,0.31916,87.67384,0.97438,113.55293,1.63388,82.08097,2.30103,39.70846,0.59343,106.46109,2.24157,133.31461,2.10921
37IleCg2_37IleHg2,52.77067,0.34384,17.96498,0.19235,54.58246,0.58519,76.02241,0.53106,59.68573,1.17678,18.75911,0.18285,68.24726,1.10772,86.84687,1.931
38ValCg1_38ValHg1,32.35239,0.28032,13.76013,0.0925,38.00174,0.38549,48.2208,0.61929,34.75712,0.52525,14.17581,0.23038,43.87016,1.19388,53.08481,1.08236
38ValCg2_38ValHg2,40.39943,0.16292,16.55413,0.14118,44.7061,0.75384,60.46025,0.46097,44.44651,0.52291,17.72485,0.18477,54.19063,0.98529,68.47229,1.5168
39ThrCg2_39ThrHg2,45.65836,1.08853,16.52701,0.48826,47.2794,0.48227,61.26037,1.85238,53.01602,3.00069,17.75158,1.01583,57.95725,1.38946,76.04418,1.52651
44IleCd1_44IleHd1,105.52247,0.7783,27.5893,0.15534,110.37743,2.0094,140.99987,1.50627,114.51229,6.17516,29.41599,0.32405,170.07599,11.30762,182.54045,11.1377
44IleCg2_44IleHg2,47.51023,0.28888,18.69841,0.15345,49.76733,0.4982,68.96146,0.66813,52.79526,1.22495,20.17867,0.19933,61.72813,0.79371,83.30172,1.55541
47ValCg1_47ValHg1,47.89015,0.5044,14.48236,0.13556,48.90923,0.93933,65.16898,0.78692,58.0018,1.40033,15.78285,0.17912,62.42478,1.2432,78.97178,1.74308
47ValCg2_47ValHg2,35.4726,0.41058,12.68115,0.20401,38.90513,1.08121,51.53397,1.20635,39.05638,0.80889,13.42134,0.19678,49.25353,1.00751,59.07717,1.46996
49LeuCd1_49LeuHd1,26.15453,1.75225,11.26367,0.54754,31.87026,3.76363,36.01431,3.57658,26.51777,3.20598,12.61521,1.06843,31.43113,6.27004,44.06537,5.24265
49LeuCd2_49LeuHd2,55.08852,0.61,17.23409,0.23935,52.64033,1.43585,68.18696,6.2933,61.71168,3.51898,19.02773,0.5367,68.92948,4.60074,92.7326,3.7365
51ValCg1_51ValHg1,36.37464,0.28818,12.93872,0.15087,40.91279,0.39263,50.11421,0.99069,40.11746,0.72799,13.704,0.22234,49.6072,1.40169,59.634,1.10582
51ValCg2_51ValHg2,28.47258,0.32446,12.59335,0.11012,33.21402,0.41995,41.87425,0.8818,29.97837,0.44524,13.15197,0.15042,39.84387,0.87158,47.28959,0.99477
54LeuCd1_54LeuHd1,54.2833,0.2797,23.22962,0.0741,69.5287,0.43308,86.81516,0.66125,56.62657,1.12311,24.47665,0.30435,80.40057,1.18528,90.44797,0.90623
54LeuCd2_54LeuHd2,67.11518,0.32454,26.67942,0.20097,82.70185,0.47915,100.50937,0.42293,69.52361,1.23754,27.83627,0.4194,97.75885,1.87528,106.93809,1.36796
57IleCd1_57IleHd1,70.84765,0.5397,26.61325,0.20043,76.51231,0.92408,103.79337,1.34395,77.93315,3.2013,28.31865,0.58993,96.2761,2.39798,120.83132,8.73858
57IleCg2_57IleHg2,33.52453,0.24525,11.65113,0.21083,38.05362,0.71506,47.55119,0.48201,36.23275,1.23892,12.66119,0.18091,46.89032,1.16287,55.29318,1.27428
58AlaCb_58AlaHb,39.21685,0.29937,13.25726,0.15675,43.50178,0.5077,55.99417,0.3653,40.62921,1.65744,13.56789,0.19384,54.61108,0.49008,65.56533,0.67977
60ValCg1_60ValHg1,36.60888,0.18315,12.2316,0.11061,39.73452,0.41772,52.16601,1.02866,40.73451,0.92391,13.49917,0.10549,46.74734,2.14037,58.89583,2.96483
60ValCg2_60ValHg2,45.54317,0.27096,13.47282,0.12617,47.50211,0.55317,63.83131,0.65779,53.37569,0.95523,14.82938,0.22147,62.17453,1.37274,75.93987,1.02399
63ValCg1_63ValHg1,25.388,1.175,10.944,0.157,33.757,0.856,41.984,1.07,27.108,0.964,11.489,0.188,52.076,2.312,41.75,1.018
63ValCg2_63ValHg2,22.9375,0.4905,11.53363,0.31198,29.78126,1.47077,35.96508,1.05905,26.58476,0.66026,12.2622,0.26344,33.7689,1.46308,40.03726,2.13688