L49I,T1 600,err,T2 600,err,T3 600,err,T4 600,err,T1 750,err,T2 750,err,T3 750,err,T4 750,err
3ThrCg2_3ThrHg2,30.4043,3.3098,11.91275,1.06596,41.20303,0.41762,52.30059,1.32776,40.16619,1.1938,13.45004,0.33363,50.12534,1.00633,59.58538,2.91848
9ValCg1_9ValHg1,31.34756,0.14719,13.38054,0.05906,38.6911,0.32912,47.53688,0.64217,33.12765,0.29877,13.68271,0.09201,45.83238,0.69862,51.97592,0.56656
9ValCg2_9ValHg2,43.8679,0.13128,15.66132,0.0721,49.32283,0.27102,61.77415,0.74259,48.50482,0.40025,16.25739,0.19981,58.72841,0.84348,70.65307,0.61457
13ValCg1_13ValHg1,25.05676,0.14039,16.40083,0.08111,32.84886,0.45782,40.39363,1.05662,26.82219,0.2223,17.02792,0.14972,36.60988,0.70279,43.85341,0.62738
13ValCg2_13ValHg2,39.01372,0.19779,22.30704,0.08663,45.84306,0.65623,61.48416,0.77019,43.95794,0.39238,23.33461,0.24942,53.30824,0.97756,67.54641,0.73088
16AlaCb_16AlaHb,29.38104,0.18504,11.85366,0.07041,32.17351,1.03956,38.85816,1.15409,31.60834,1.22128,12.19195,0.29058,40.84364,0.86776,46.9989,1.10617
19ValCg1_19ValHg1,34.37113,0.18021,13.37392,0.08729,39.34284,0.3893,49.62186,1.3816,37.63231,0.36727,13.88193,0.1461,46.55527,0.95577,57.20338,1.57336
19ValCg2_19ValHg2,57.10436,0.24808,15.12912,0.06165,55.11823,1.48513,75.3312,1.34649,68.08208,0.92519,15.77357,0.11167,71.87771,1.28022,97.1093,0.785
20IleCd1_20IleHd1,76.19896,0.61946,18.03904,0.11736,65.53883,0.65592,100.80003,2.80514,94.59474,1.75547,19.17034,0.15847,93.2733,2.36706,121.03558,2.81486
20IleCg2_20IleHg2,40.46705,0.24463,13.2947,0.08539,43.95967,0.45231,56.9445,0.76006,45.42379,0.51835,14.09004,0.10572,54.03353,0.82357,66.40412,1.0958
21LeuCd1_21LeuHd1,36.09071,0.24315,15.86085,0.09786,44.76936,0.54028,54.88251,0.90942,38.6763,0.33946,16.03877,0.13235,50.34221,0.47815,60.34878,0.86428
21LeuCd2_21LeuHd2,41.99853,0.12186,16.60162,0.06141,48.33234,1.06128,61.97495,0.93605,45.6663,0.38797,17.23992,0.09376,58.91411,0.82082,68.21217,1.14816
27AlaCb_27AlaHb,45.23946,0.36448,13.76231,0.07215,45.15592,0.73516,63.13267,0.77623,50.91874,1.61991,14.22184,0.19407,59.02367,1.03556,74.96106,2.42305
29IleCd1_29IleHd1,69.37749,0.64642,21.65604,0.14309,70.92987,1.63939,90.30541,3.87548,79.73878,1.58199,22.83875,0.13143,89.40578,1.91666,115.93995,4.86963
29IleCg2_29IleHg2,46.6691,0.30073,14.47837,0.07772,48.01516,0.57063,62.91296,1.45709,52.3379,0.51443,15.12715,0.14044,58.49947,0.99657,76.31767,1.96439
30IleCd1_30IleHd1,70.18416,0.31663,35.25275,0.27389,76.25186,1.38162,104.61184,1.99395,79.2493,1.59749,39.26275,0.6214,92.058,1.84674,125.76251,6.09513
30IleCg2_30IleHg2,44.02133,0.28638,18.54213,0.08331,47.09302,0.50765,63.94649,1.2882,51.88355,0.53363,19.48408,0.18286,60.69659,1.15459,76.71159,1.72696
31ValCg2_31ValHg2,50.69197,0.36923,15.31709,0.11195,49.47441,0.99395,71.38791,1.03011,60.78193,1.08493,16.10633,0.2235,65.06635,1.16439,88.16954,2.4155
32LeuCd2_32LeuHd2,58.56136,0.94017,21.63296,0.38534,60.77367,0.63255,83.29611,1.938,67.36292,1.19854,23.31329,0.30221,80.45663,1.54738,99.7249,2.70061
34ValCg1_34ValHg1,28.40729,0.1199,18.42984,0.09224,37.77398,0.44285,46.15851,0.55134,30.58957,0.21148,19.26257,0.14772,41.44694,1.05305,48.40535,0.8862
34ValCg2_34ValHg2,26.33486,0.07267,17.22414,0.05833,34.31681,0.26381,43.17538,0.70691,28.48148,0.17943,17.80553,0.16082,37.8759,0.66673,44.8056,0.47788
36ThrCg2_36ThrHg2,33.10168,0.6127,13.79281,0.52018,37.2584,0.54876,50.76119,1.28731,35.89851,1.30161,12.99916,0.95703,46.29359,1.78956,54.10518,1.28871
37IleCd1_37IleHd1,76.79606,0.36302,37.39174,0.27044,87.48617,0.61371,114.9837,1.40651,82.46624,0.96052,38.84266,0.46183,106.63364,1.87921,127.30589,1.90205
37IleCg2_37IleHg2,52.72471,0.23911,17.94505,0.07991,53.96682,0.74184,74.73359,0.91783,60.79325,0.98566,18.80417,0.12529,67.84331,0.60051,89.21672,1.35152
38ValCg1_38ValHg1,33.51696,0.19712,14.26238,0.05461,38.20289,0.45156,50.92648,0.91712,36.45533,0.44362,14.66724,0.12682,45.33044,0.47886,54.13079,0.83518
38ValCg2_38ValHg2,39.75346,0.13972,16.81896,0.19409,44.45032,1.86453,57.86904,1.78616,44.30085,0.47752,17.28524,0.1321,53.41552,0.68101,67.65489,1.56349
39ThrCg2_39ThrHg2,46.38183,0.83774,16.89426,0.16292,47.35344,0.36168,62.95934,1.19689,47.82256,1.44247,17.87989,0.59801,59.84671,1.34166,72.46834,2.11723
44IleCd1_44IleHd1,105.29311,0.59332,29.66017,0.09167,107.66274,1.52271,139.0998,2.05613,114.94741,2.29443,30.89578,0.32278,142.56704,3.00335,180.72812,4.41193
44IleCg2_44IleHg2,47.58102,0.27651,19.00183,0.0667,50.6535,0.55411,69.41339,1.20691,53.90562,0.61128,20.09434,0.07816,62.04573,0.7781,81.85158,1.31616
47ValCg1_47ValHg1,49.84847,0.48958,15.27096,0.06198,49.54709,0.53573,66.20432,1.46475,60.58878,1.01159,16.2552,0.15027,63.9131,1.11601,86.01933,1.98795
47ValCg2_47ValHg2,33.69521,0.24837,12.87898,0.0678,37.9181,0.7809,47.26687,1.54813,37.39174,0.44456,13.33944,0.1116,46.27399,1.04457,54.70497,0.71988
49IleCd1_49IleHd1,56.42072,0.61479,18.23526,0.10788,58.07013,0.54549,76.54516,2.64132,64.54156,0.59379,18.67119,0.36381,72.50258,1.21081,91.68496,2.05035
49IleCg2_49IleHg2,51.11786,0.39811,19.82049,0.10565,52.16771,0.63961,72.6183,1.4981,58.59103,0.91764,21.18086,0.19469,63.90147,0.73779,84.77758,1.5791
51ValCg1_51ValHg1,40.55158,0.28883,14.62722,0.03136,43.28067,0.28502,58.7224,0.73369,47.32776,1.57166,15.10129,0.20051,55.18295,1.08981,68.18227,1.06624
51ValCg2_51ValHg2,28.44589,0.08927,13.38237,0.07161,34.78456,0.39536,42.70438,0.83939,30.77372,0.43655,13.89652,0.12294,38.67262,0.79559,46.05043,0.89243
54LeuCd1_54LeuHd1,54.81397,0.39558,25.69982,0.20164,70.43053,0.38413,85.99933,1.48632,56.519,0.49136,26.50154,0.14435,78.889,1.11912,91.77092,1.63009
54LeuCd2_54LeuHd2,67.40535,0.37514,29.07399,0.09371,83.13198,0.55735,102.20784,1.05529,70.05585,0.80294,30.17364,0.34399,98.47266,1.49767,112.64364,1.37846
57IleCd1_57IleHd1,65.85528,0.4723,34.52038,1.22368,72.81066,0.88434,96.70987,5.04287,73.76359,0.86859,34.19161,0.61132,89.23931,2.78956,110.32057,3.4058
57IleCg2_57IleHg2,29.49276,0.26776,11.90096,0.1043,33.20066,0.66956,42.38448,0.46361,31.58457,0.39882,12.45727,0.08677,37.76876,1.27264,47.61947,0.78969
58AlaCb_58AlaHb,37.14161,0.22199,13.29896,0.06158,41.63549,0.36551,55.05341,0.97883,40.63029,0.62964,13.93914,0.15046,49.60434,0.39023,62.10584,1.53798
60ValCg1_60ValHg1,37.31418,0.22967,12.99045,0.08956,40.5015,0.58283,53.0222,1.22166,40.61903,0.42196,13.43764,0.08733,48.85911,1.18226,60.69603,1.13847
60ValCg2_60ValHg2,45.61792,0.22157,14.15647,0.08502,46.33768,0.45652,63.64313,1.00435,53.44603,0.4993,14.80029,0.13722,59.10529,0.415,75.67926,1.19845
63ValCg1_63ValHg1,19.50242,0.49518,10.13378,0.14946,30.42465,1.67185,35.38586,1.50267,18.76857,0.68805,10.12155,0.19553,31.88897,5.88627,32.01583,5.66007
63ValCg2_63ValHg2,21.62922,0.18834,11.42426,0.06175,26.47405,0.79811,33.42656,0.85604,23.23418,0.57317,11.37355,0.35945,31.79427,1.8033,35.31646,1.03969