I57V,T1 600,err,T2 600,err,T3 600,err,T4 600,err,T1 750,err,T2 750,err,T3 750,err,T4 750,err
3ThrCg2_3ThrHg2,37.17623,0.63076,12.95443,0.12183,41.39492,0.48818,52.31304,1.17907,40.8265,2.00084,13.97605,0.45544,50.63395,1.20951,69.69137,2.366
9ValCg1_9ValHg1,33.9925,0.26807,13.0951,0.11096,41.67617,0.36351,50.97671,0.51121,36.7683,0.70565,13.80397,0.14507,49.95318,1.00851,57.79596,1.17851
9ValCg2_9ValHg2,43.48993,0.16593,14.83678,0.12986,50.01888,0.77138,62.50982,0.48058,47.35017,1.01487,15.85283,0.11648,63.539,1.82299,76.2502,2.37434
13ValCg1_13ValHg1,22.57834,0.1519,14.92563,0.06195,30.22194,0.50585,36.59668,0.71018,24.42926,0.37425,15.6728,0.12564,33.89954,0.66434,38.94487,1.10587
13ValCg2_13ValHg2,36.8656,0.20917,21.51192,0.09538,44.81117,0.49628,56.67854,0.94482,40.6798,1.14756,23.38962,0.32728,53.51269,0.4976,68.18925,1.83145
16AlaCb_16AlaHb,26.73956,0.22639,10.62144,0.09515,32.02187,0.54982,39.39133,1.003,27.95543,0.77407,11.4894,0.39244,36.66036,1.21688,45.58129,1.04739
19ValCg1_19ValHg1,33.76948,0.18582,12.41763,0.12642,39.43712,0.37129,49.05686,0.49885,36.84652,1.29759,13.24649,0.1662,48.1614,0.8388,58.61533,1.63345
19ValCg2_19ValHg2,61.28271,0.36981,14.43863,0.09979,56.83001,0.54831,78.92757,1.358,68.88853,3.57896,15.511,0.19671,79.77032,2.06063,109.75988,2.13806
20IleCd1_20IleHd1,68.78752,0.66275,18.14492,0.15302,62.51085,1.46975,88.29651,1.01633,80.73653,3.56819,19.4495,0.38567,85.82241,2.51916,125.85263,7.81279
20IleCg2_20IleHg2,37.79451,0.40198,12.52632,0.15898,41.83465,0.63681,53.58241,1.09333,40.71654,1.33611,13.40016,0.16876,54.03373,1.77026,63.82278,1.98061
21LeuCd1_21LeuHd1,35.20051,0.20684,14.67903,0.0887,44.54838,0.24528,53.94827,0.45217,38.05523,0.93862,15.68112,0.1892,51.64181,1.61797,60.48245,2.11663
21LeuCd2_21LeuHd2,42.70673,0.25825,14.93402,0.19445,50.60046,0.95057,62.72977,0.83339,46.35126,0.91633,16.50225,0.14532,60.51664,1.02102,75.66707,1.92886
27AlaCb_27AlaHb,44.76324,0.37549,13.35251,0.06085,45.32119,0.63455,61.64928,1.76078,47.18227,2.03872,14.32396,0.26717,62.68614,1.65378,78.34248,3.74368
29IleCd1_29IleHd1,67.12077,0.75312,22.43336,0.15364,73.15478,1.36178,93.57116,3.97246,70.69109,2.70061,24.59439,0.32071,92.94112,4.82646,117.58278,6.4249
29IleCg2_29IleHg2,50.82382,0.48242,14.69846,0.08729,51.76889,0.50181,70.92821,0.84234,57.80492,3.06467,15.81194,0.20529,68.12734,1.9995,87.1342,2.79207
30IleCd1_30IleHd1,71.45222,0.617,36.21682,0.26826,74.62843,0.91373,105.89569,2.80406,77.59384,3.85064,42.01597,1.12625,98.63369,4.64334,142.04289,12.51857
30IleCg2_30IleHg2,43.36131,0.22169,18.54633,0.12291,46.25585,0.79137,62.48256,0.61955,47.96705,1.57939,20.35,0.30662,61.21912,1.53279,79.50242,2.33337
31ValCg2_31ValHg2,49.78999,0.5572,15.13601,0.08597,48.94074,0.56746,68.59295,0.91867,56.21656,2.04207,16.63134,0.32533,68.43879,1.97109,91.20145,1.62222
32LeuCd2_32LeuHd2,52.77232,0.85393,21.25545,0.30285,57.50731,1.08235,79.66939,1.25171,60.39493,2.41124,23.93376,0.61768,79.16939,2.15698,104.91356,7.23198
34ValCg1_34ValHg1,28.94226,0.15119,18.99119,0.10198,37.15227,0.44646,47.11332,0.47627,31.3174,0.50664,20.36876,0.46024,42.04547,0.60667,52.7985,1.25831
34ValCg2_34ValHg2,28.90513,0.20018,17.75539,0.07207,37.54993,0.38263,44.82994,0.51058,30.20118,0.60137,18.32741,0.33075,41.98978,1.15512,51.64124,0.74757
36ThrCg2_36ThrHg2,33.91144,0.88098,14.09174,0.24721,35.4324,0.81664,50.67657,0.92149,37.27046,3.32338,14.00553,0.96839,50.31917,2.59935,65.21284,3.89704
37IleCd1_37IleHd1,76.026,0.852,36.973,0.266,86.914,1.11,114.321,1.454,80.85943,3.61117,42.05634,1.02061,110.81732,3.97456,146.7486,6.18444
37IleCg2_37IleHg2,52.00707,0.2494,18.18165,0.1081,53.814,0.60899,75.96233,0.64671,57.95167,2.51431,19.65443,0.2226,71.84,1.29234,96.46685,3.32186
38ValCg1_38ValHg1,32.41552,0.32499,14.16133,0.14873,38.1444,0.40976,49.32804,0.817,35.06486,0.88647,14.92057,0.1018,47.64351,0.73501,55.62208,2.18268
38ValCg2_38ValHg2,40.78403,0.20757,17.0923,0.13328,46.02389,1.03064,62.82859,1.53383,44.78346,1.57392,18.25463,0.18896,57.74553,1.7928,74.72445,2.10513
39ThrCg2_39ThrHg2,46.65767,0.63855,16.92269,0.34539,46.85715,0.8271,63.74181,1.90138,48.24274,3.34149,18.69834,0.49862,60.66453,1.4927,82.10506,4.56752
44IleCd1_44IleHd1,106.60162,0.93161,28.5402,0.12457,110.26097,1.5028,142.68097,1.67966,107.68581,7.85921,30.94909,0.52279,154.33362,4.59836,218.45364,18.44947
44IleCg2_44IleHg2,47.5487,0.34156,18.94436,0.07376,50.81413,0.48409,70.39082,0.51636,51.23708,2.07603,20.92132,0.40161,64.97434,1.25136,91.39782,3.00218
47ValCg1_47ValHg1,45.90896,0.34498,14.29825,0.23505,48.17328,0.29835,64.87256,0.81362,52.34381,1.34005,15.72119,0.22288,59.91467,1.29718,78.9635,2.94001
47ValCg2_47ValHg2,34.76785,0.3823,13.13043,0.10734,37.79607,0.69207,49.31769,0.83007,39.2689,1.17307,13.55561,0.21339,49.14414,1.22663,63.12132,2.07177
49LeuCd1_49LeuHd1,27.21062,0.91765,16.04055,0.45771,33.31816,2.43056,43.19366,5.81848,26.84863,1.62301,15.65907,0.9507,36.87012,5.46293,39.57516,7.58007
49LeuCd2_49LeuHd2,50.29163,0.99012,21.98194,0.3702,56.37987,1.64848,78.84184,3.26925,57.10747,1.31389,24.20471,0.95044,75.60259,2.62684,93.42323,6.0414
51ValCg1_51ValHg1,40.77985,0.3839,13.18834,0.18573,44.58573,0.40889,59.06452,3.17039,46.22304,1.98872,14.57941,0.13604,57.50364,1.3612,72.21012,2.76306
51ValCg2_51ValHg2,26.65397,0.3234,12.52115,0.09443,32.33233,0.58409,40.529,1.17081,30.09543,0.68961,13.64787,0.21795,39.41469,1.47358,45.30453,1.78835
54LeuCd1_54LeuHd1,54.76719,0.22463,24.03752,0.12075,71.66116,0.83098,87.29776,0.44346,55.55282,1.91675,25.81601,0.51855,84.87468,2.26922,103.07594,4.55417
54LeuCd2_54LeuHd2,67.46867,0.25718,26.93446,0.19283,84.025,0.70003,100.81045,0.81206,67.30652,2.85187,29.06197,0.66828,107.41806,4.26809,122.45139,5.39921
57ValCg1_57ValHg1,22.83743,0.48189,10.31092,0.11781,31.39976,0.68192,36.54646,0.70567,23.75834,0.42285,10.60074,0.2177,34.13391,1.36462,38.53224,1.77402
57ValCg2_57ValHg2,53.91841,0.43489,14.72758,0.1327,52.53882,0.72019,70.63898,0.64241,60.54688,1.4628,15.92431,0.5935,69.37947,1.79235,93.17622,2.90683
58AlaCb_58AlaHb,39.03851,0.18613,13.15084,0.11286,43.07144,0.46725,56.25984,0.62698,42.10021,1.54671,13.93759,0.35799,54.09421,1.21949,69.98843,2.94703
60ValCg1_60ValHg1,36.92652,0.28885,12.93459,0.05519,39.62706,0.5865,52.61396,1.58656,41.63902,1.10612,14.00206,0.16313,52.36514,0.93861,64.0776,1.93549
60ValCg2_60ValHg2,46.84146,0.233,13.94287,0.06648,47.62379,0.4513,65.11355,0.76552,51.96289,1.82556,14.91812,0.18189,60.29308,1.46073,85.925,3.48789
63ValCg1_63ValHg1,23.435,0.621,10.758,0.111,32.197,1.1,38.653,1.73,23.593,0.289,11.337,0.208,33.496,1.758,37.643,2.257
63ValCg2_63ValHg2,23.01583,0.29483,11.67143,0.14637,29.43857,0.7681,33.42995,1.14417,24.40726,0.58976,12.53869,0.1976,35.17271,1.95958,42.07762,2.74916